category,name,unit,price_lyd,min_qty,description,available,sort_order
حلويات شرقية,بقلاوة بالفستق,كيلو,85,0.5,,true,10
حلويات شرقية,بقلاوة بالكاجو,كيلو,70,0.5,,true,11
حلويات شرقية,كنافة نابلسية,صينية صغيرة,60,1,تكفي 6-8 أشخاص,true,12
حلويات ليبية,مقروض بالتمر,كيلو,45,0.5,,true,20
حلويات ليبية,غريبة,كيلو,40,0.5,,true,21
حلويات ليبية,كعك حلو,كيلو,38,0.5,,true,22
حلويات ليبية,بسكويت معمول,كيلو,50,0.5,بالتمر أو بالجوز,true,23
تورتات,تورتة عيد ميلاد صغيرة,تورتة,120,1,8 أشخاص، الكتابة على التورتة مجاناً,true,30
تورتات,تورتة عيد ميلاد كبيرة,تورتة,220,1,20 شخص,true,31
مناسبات,صينية حلويات مشكلة,صينية,150,1,حوالي 2 كيلو تشكيلة,true,40
مناسبات,علبة هدية,علبة,65,1,تشكيلة 1 كيلو في علبة مزينة,true,41
